A7.fna	A7.fna	100	1719	1722
A7.fna	NCPPB935.fna	99.6658	1622	1722
A7.fna	CFBP1846.fna	99.6617	1639	1722
A7.fna	CFBP7408_type.fna	99.5488	1556	1722
A7.fna	Corylina_strain.fna	99.5081	1611	1722
A7.fna	NCPPB416.fna	98.663	1594	1722
A7.fna	Xp7.fna	98.6191	1549	1722
A7.fna	Xcp1.fna	98.6028	1584	1722
A7.fna	CITA9.fna	98.5973	1555	1722
A7.fna	IVIA2626.fna	98.5762	1465	1722
A7.fna	F1_55.fna	98.5356	1476	1722
A7.fna	MAFF301427.fna	98.4545	1354	1722
A7.fna	CPBF427.fna	98.1237	1560	1722
A7.fna	CPBF554.fna	98.1145	1585	1722
A7.fna	CPBF237.fna	97.7118	1562	1722
A7.fna	CFBP2528.fna	97.6914	1540	1722
A7.fna	CPBF1494.fna	96.821	1493	1722
A7.fna	CFBP8139.fna	96.7737	1502	1722
A7.fna	CITA44.fna	96.5599	1415	1722
A7.fna	Strain17.fna	96.3273	1472	1722
A7.fna	CFBP7409.fna	94.9015	1383	1722
A7.fna	CFBP3122.fna	94.6253	1359	1722
A7.fna	Strain2957.fna	93.169	1430	1722
A7.fna	NL_P126.fna	92.6181	1390	1722
A7.fna	CFBP8594.fna	88.076	1318	1722
A7.fna	PLY_4.fna	87.508	1366	1722
A7.fna	ATCC33913_outgroup.fna	87.2136	1325	1722
ATCC33913_outgroup.fna	ATCC33913_outgroup.fna	100	1691	1692
ATCC33913_outgroup.fna	CFBP1846.fna	87.1849	1343	1692
ATCC33913_outgroup.fna	CPBF427.fna	87.1384	1357	1692
ATCC33913_outgroup.fna	NCPPB416.fna	87.1352	1391	1692
ATCC33913_outgroup.fna	CFBP7408_type.fna	87.1254	1324	1692
ATCC33913_outgroup.fna	NCPPB935.fna	87.1207	1351	1692
ATCC33913_outgroup.fna	Xp7.fna	87.0947	1348	1692
ATCC33913_outgroup.fna	F1_55.fna	87.0946	1280	1692
ATCC33913_outgroup.fna	CITA9.fna	87.0843	1348	1692
ATCC33913_outgroup.fna	Corylina_strain.fna	87.0588	1361	1692
ATCC33913_outgroup.fna	A7.fna	87.0583	1357	1692
ATCC33913_outgroup.fna	Xcp1.fna	87.0568	1388	1692
ATCC33913_outgroup.fna	Strain17.fna	87.0395	1337	1692
ATCC33913_outgroup.fna	IVIA2626.fna	87.0345	1281	1692
ATCC33913_outgroup.fna	CPBF237.fna	87.034	1361	1692
ATCC33913_outgroup.fna	CFBP8139.fna	87.0239	1335	1692
ATCC33913_outgroup.fna	MAFF301427.fna	87.0232	1200	1692
ATCC33913_outgroup.fna	CITA44.fna	87.005	1299	1692
ATCC33913_outgroup.fna	CPBF1494.fna	86.9825	1367	1692
ATCC33913_outgroup.fna	Strain2957.fna	86.9738	1330	1692
ATCC33913_outgroup.fna	CPBF554.fna	86.9589	1377	1692
ATCC33913_outgroup.fna	NL_P126.fna	86.9278	1361	1692
ATCC33913_outgroup.fna	CFBP2528.fna	86.924	1352	1692
ATCC33913_outgroup.fna	CFBP3122.fna	86.9053	1277	1692
ATCC33913_outgroup.fna	CFBP7409.fna	86.8574	1315	1692
ATCC33913_outgroup.fna	CFBP8594.fna	86.4194	1314	1692
ATCC33913_outgroup.fna	PLY_4.fna	86.1388	1353	1692
CFBP1846.fna	CFBP1846.fna	100	1761	1764
CFBP1846.fna	NCPPB935.fna	99.7031	1635	1764
CFBP1846.fna	A7.fna	99.6614	1640	1764
CFBP1846.fna	CFBP7408_type.fna	99.6109	1584	1764
CFBP1846.fna	Corylina_strain.fna	99.5069	1638	1764
CFBP1846.fna	Xcp1.fna	98.7243	1578	1764
CFBP1846.fna	CITA9.fna	98.7242	1547	1764
CFBP1846.fna	Xp7.fna	98.7167	1542	1764
CFBP1846.fna	F1_55.fna	98.6825	1459	1764
CFBP1846.fna	NCPPB416.fna	98.6766	1606	1764
CFBP1846.fna	IVIA2626.fna	98.63	1450	1764
CFBP1846.fna	MAFF301427.fna	98.5342	1352	1764
CFBP1846.fna	CPBF554.fna	98.0962	1618	1764
CFBP1846.fna	CPBF427.fna	98.082	1605	1764
CFBP1846.fna	CFBP2528.fna	97.7266	1565	1764
CFBP1846.fna	CPBF237.fna	97.7125	1589	1764
CFBP1846.fna	CFBP8139.fna	96.8595	1496	1764
CFBP1846.fna	CPBF1494.fna	96.7485	1504	1764
CFBP1846.fna	CITA44.fna	96.5766	1423	1764
CFBP1846.fna	Strain17.fna	96.393	1470	1764
CFBP1846.fna	CFBP7409.fna	94.9144	1381	1764
CFBP1846.fna	CFBP3122.fna	94.5691	1363	1764
CFBP1846.fna	Strain2957.fna	93.1866	1431	1764
CFBP1846.fna	NL_P126.fna	92.6409	1393	1764
CFBP1846.fna	CFBP8594.fna	88.1261	1323	1764
CFBP1846.fna	PLY_4.fna	87.5548	1359	1764
CFBP1846.fna	ATCC33913_outgroup.fna	87.1914	1350	1764
CFBP2528.fna	CFBP2528.fna	100	1690	1691
CFBP2528.fna	CPBF237.fna	99.4241	1668	1691
CFBP2528.fna	CPBF427.fna	98.2623	1607	1691
CFBP2528.fna	CPBF554.fna	98.2433	1608	1691
CFBP2528.fna	A7.fna	97.7093	1549	1691
CFBP2528.fna	CFBP1846.fna	97.6889	1571	1691
CFBP2528.fna	Corylina_strain.fna	97.6871	1553	1691
CFBP2528.fna	NCPPB935.fna	97.6677	1572	1691
CFBP2528.fna	CFBP7408_type.fna	97.6388	1528	1691
CFBP2528.fna	Xp7.fna	97.3821	1504	1691
CFBP2528.fna	CITA9.fna	97.349	1510	1691
CFBP2528.fna	F1_55.fna	97.3487	1420	1691
CFBP2528.fna	Xcp1.fna	97.3407	1526	1691
CFBP2528.fna	IVIA2626.fna	97.318	1417	1691
CFBP2528.fna	NCPPB416.fna	97.2936	1533	1691
CFBP2528.fna	MAFF301427.fna	97.1934	1312	1691
CFBP2528.fna	CFBP8139.fna	96.6636	1492	1691
CFBP2528.fna	CPBF1494.fna	96.55	1502	1691
CFBP2528.fna	CITA44.fna	96.2841	1411	1691
CFBP2528.fna	Strain17.fna	96.1484	1463	1691
CFBP2528.fna	CFBP7409.fna	94.6977	1384	1691
CFBP2528.fna	CFBP3122.fna	94.6048	1357	1691
CFBP2528.fna	Strain2957.fna	93.3025	1442	1691
CFBP2528.fna	NL_P126.fna	92.6207	1395	1691
CFBP2528.fna	CFBP8594.fna	88.0264	1335	1691
CFBP2528.fna	PLY_4.fna	87.4284	1373	1691
CFBP2528.fna	ATCC33913_outgroup.fna	87.078	1333	1691
CFBP2565.fna	CFBP2565.fna	100	1637	1639
CFBP2565.fna	CFBP4122.fna	92.8541	1461	1639
CFBP2565.fna	CFBP3336.fna	78.7864	334	1639
CFBP2565.fna	CFBP8384.fna	78.5822	333	1639
CFBP3122.fna	CFBP3122.fna	100	1551	1553
CFBP3122.fna	CFBP8139.fna	94.7812	1343	1553
CFBP3122.fna	Xp7.fna	94.747	1339	1553
CFBP3122.fna	Corylina_strain.fna	94.7285	1335	1553
CFBP3122.fna	CFBP7408_type.fna	94.7234	1329	1553
CFBP3122.fna	F1_55.fna	94.7074	1270	1553
CFBP3122.fna	NCPPB935.fna	94.7008	1360	1553
CFBP3122.fna	Xcp1.fna	94.6971	1361	1553
CFBP3122.fna	CFBP1846.fna	94.697	1346	1553
CFBP3122.fna	CITA9.fna	94.6889	1342	1553
CFBP3122.fna	NCPPB416.fna	94.6676	1371	1553
CFBP3122.fna	CFBP2528.fna	94.6666	1348	1553
CFBP3122.fna	CPBF1494.fna	94.6612	1375	1553
CFBP3122.fna	A7.fna	94.6472	1352	1553
CFBP3122.fna	CPBF427.fna	94.6357	1366	1553
CFBP3122.fna	IVIA2626.fna	94.6079	1285	1553
CFBP3122.fna	CPBF237.fna	94.6021	1365	1553
CFBP3122.fna	CPBF554.fna	94.5996	1369	1553
CFBP3122.fna	CITA44.fna	94.5832	1330	1553
CFBP3122.fna	Strain17.fna	94.5378	1368	1553
CFBP3122.fna	MAFF301427.fna	94.5309	1195	1553
CFBP3122.fna	CFBP7409.fna	93.7976	1295	1553
CFBP3122.fna	Strain2957.fna	93.3461	1363	1553
CFBP3122.fna	NL_P126.fna	92.7993	1334	1553
CFBP3122.fna	CFBP8594.fna	87.9737	1268	1553
CFBP3122.fna	PLY_4.fna	87.5842	1285	1553
CFBP3122.fna	ATCC33913_outgroup.fna	87.0878	1277	1553
CFBP3336.fna	CFBP3336.fna	100	1713	1714
CFBP3336.fna	CFBP8384.fna	97.5866	1496	1714
CFBP3336.fna	CFBP4122.fna	78.908	350	1714
CFBP3336.fna	CFBP2565.fna	78.7506	335	1714
CFBP4122.fna	CFBP4122.fna	100	1676	1676
CFBP4122.fna	CFBP2565.fna	92.8459	1450	1676
CFBP4122.fna	CFBP3336.fna	78.7963	356	1676
CFBP4122.fna	CFBP8384.fna	78.5153	351	1676
CFBP7408_type.fna	CFBP7408_type.fna	100	1644	1648
CFBP7408_type.fna	CFBP1846.fna	99.6873	1577	1648
CFBP7408_type.fna	Corylina_strain.fna	99.574	1550	1648
CFBP7408_type.fna	A7.fna	99.5509	1555	1648
CFBP7408_type.fna	NCPPB935.fna	99.5071	1590	1648
CFBP7408_type.fna	Xp7.fna	98.7929	1494	1648
CFBP7408_type.fna	CITA9.fna	98.7721	1485	1648
CFBP7408_type.fna	IVIA2626.fna	98.7036	1415	1648
CFBP7408_type.fna	Xcp1.fna	98.7031	1519	1648
CFBP7408_type.fna	NCPPB416.fna	98.7008	1523	1648
CFBP7408_type.fna	F1_55.fna	98.6887	1417	1648
CFBP7408_type.fna	MAFF301427.fna	98.5492	1309	1648
CFBP7408_type.fna	CPBF427.fna	98.0704	1538	1648
CFBP7408_type.fna	CPBF554.fna	98.0183	1542	1648
CFBP7408_type.fna	CPBF237.fna	97.7218	1533	1648
CFBP7408_type.fna	CFBP2528.fna	97.668	1524	1648
CFBP7408_type.fna	CFBP8139.fna	96.8813	1472	1648
CFBP7408_type.fna	CPBF1494.fna	96.8246	1483	1648
CFBP7408_type.fna	CITA44.fna	96.6713	1392	1648
CFBP7408_type.fna	Strain17.fna	96.5475	1423	1648
CFBP7408_type.fna	CFBP7409.fna	94.9854	1339	1648
CFBP7408_type.fna	CFBP3122.fna	94.7256	1324	1648
CFBP7408_type.fna	Strain2957.fna	93.2267	1411	1648
CFBP7408_type.fna	NL_P126.fna	92.7158	1363	1648
CFBP7408_type.fna	CFBP8594.fna	88.1447	1290	1648
CFBP7408_type.fna	PLY_4.fna	87.5222	1338	1648
CFBP7408_type.fna	ATCC33913_outgroup.fna	87.1435	1309	1648
CFBP7409.fna	CFBP7409.fna	100	1518	1525
CFBP7409.fna	CITA44.fna	95.1679	1352	1525
CFBP7409.fna	Strain17.fna	95.0577	1370	1525
CFBP7409.fna	Corylina_strain.fna	95.0029	1370	1525
CFBP7409.fna	NCPPB935.fna	94.9939	1378	1525
CFBP7409.fna	CPBF1494.fna	94.9822	1399	1525
CFBP7409.fna	CFBP7408_type.fna	94.9789	1358	1525
CFBP7409.fna	CITA9.fna	94.9783	1365	1525
CFBP7409.fna	IVIA2626.fna	94.9734	1271	1525
CFBP7409.fna	Xcp1.fna	94.9685	1384	1525
CFBP7409.fna	CFBP8139.fna	94.9625	1394	1525
CFBP7409.fna	F1_55.fna	94.9571	1284	1525
CFBP7409.fna	Xp7.fna	94.943	1368	1525
CFBP7409.fna	NCPPB416.fna	94.9374	1390	1525
CFBP7409.fna	CFBP1846.fna	94.9308	1389	1525
CFBP7409.fna	A7.fna	94.8998	1376	1525
CFBP7409.fna	MAFF301427.fna	94.8265	1199	1525
CFBP7409.fna	CPBF237.fna	94.7519	1375	1525
CFBP7409.fna	CFBP2528.fna	94.7308	1367	1525
CFBP7409.fna	CPBF427.fna	94.707	1389	1525
CFBP7409.fna	CPBF554.fna	94.6964	1385	1525
CFBP7409.fna	CFBP3122.fna	93.819	1290	1525
CFBP7409.fna	Strain2957.fna	92.7196	1354	1525
CFBP7409.fna	NL_P126.fna	92.3155	1362	1525
CFBP7409.fna	CFBP8594.fna	88.1252	1300	1525
CFBP7409.fna	PLY_4.fna	87.5106	1318	1525
CFBP7409.fna	ATCC33913_outgroup.fna	86.9664	1280	1525
CFBP8139.fna	CFBP8139.fna	100	1646	1647
CFBP8139.fna	CPBF1494.fna	97.2642	1552	1647
CFBP8139.fna	Xp7.fna	96.9015	1461	1647
CFBP8139.fna	CITA9.fna	96.8788	1465	1647
CFBP8139.fna	Xcp1.fna	96.8755	1484	1647
CFBP8139.fna	IVIA2626.fna	96.8736	1368	1647
CFBP8139.fna	NCPPB416.fna	96.8518	1482	1647
CFBP8139.fna	F1_55.fna	96.8427	1384	1647
CFBP8139.fna	CFBP1846.fna	96.8351	1500	1647
CFBP8139.fna	Corylina_strain.fna	96.8174	1488	1647
CFBP8139.fna	CFBP7408_type.fna	96.8169	1465	1647
CFBP8139.fna	NCPPB935.fna	96.8104	1490	1647
CFBP8139.fna	MAFF301427.fna	96.8039	1280	1647
CFBP8139.fna	A7.fna	96.7982	1495	1647
CFBP8139.fna	CITA44.fna	96.7601	1449	1647
CFBP8139.fna	CPBF237.fna	96.6593	1492	1647
CFBP8139.fna	CPBF554.fna	96.6241	1504	1647
CFBP8139.fna	CPBF427.fna	96.5854	1497	1647
CFBP8139.fna	CFBP2528.fna	96.5775	1491	1647
CFBP8139.fna	Strain17.fna	96.5461	1494	1647
CFBP8139.fna	CFBP7409.fna	95.0713	1381	1647
CFBP8139.fna	CFBP3122.fna	94.6846	1362	1647
CFBP8139.fna	Strain2957.fna	93.2751	1432	1647
CFBP8139.fna	NL_P126.fna	92.7139	1400	1647
CFBP8139.fna	CFBP8594.fna	88.0897	1344	1647
CFBP8139.fna	PLY_4.fna	87.4668	1382	1647
CFBP8139.fna	ATCC33913_outgroup.fna	87.1136	1323	1647
CFBP8384.fna	CFBP8384.fna	100	1675	1677
CFBP8384.fna	CFBP3336.fna	97.5126	1494	1677
CFBP8384.fna	CFBP2565.fna	78.905	333	1677
CFBP8384.fna	CFBP4122.fna	78.8126	355	1677
CFBP8594.fna	CFBP8594.fna	100	1557	1558
CFBP8594.fna	CFBP7409.fna	88.289	1303	1558
CFBP8594.fna	NL_P126.fna	88.2329	1318	1558
CFBP8594.fna	CITA44.fna	88.19	1309	1558
CFBP8594.fna	CFBP2528.fna	88.1364	1308	1558
CFBP8594.fna	CFBP1846.fna	88.1335	1334	1558
CFBP8594.fna	Corylina_strain.fna	88.1265	1316	1558
CFBP8594.fna	Strain2957.fna	88.1221	1344	1558
CFBP8594.fna	Strain17.fna	88.1217	1364	1558
CFBP8594.fna	CPBF1494.fna	88.1148	1350	1558
CFBP8594.fna	A7.fna	88.1043	1343	1558
CFBP8594.fna	NCPPB935.fna	88.087	1341	1558
CFBP8594.fna	CFBP8139.fna	88.078	1338	1558
CFBP8594.fna	CPBF237.fna	88.0771	1337	1558
CFBP8594.fna	PLY_4.fna	88.0678	1355	1558
CFBP8594.fna	Xp7.fna	88.0556	1319	1558
CFBP8594.fna	F1_55.fna	88.0525	1254	1558
CFBP8594.fna	NCPPB416.fna	88.0273	1343	1558
CFBP8594.fna	Xcp1.fna	88.0229	1345	1558
CFBP8594.fna	CFBP7408_type.fna	88.0225	1312	1558
CFBP8594.fna	CPBF554.fna	88.0141	1341	1558
CFBP8594.fna	CPBF427.fna	88.0104	1355	1558
CFBP8594.fna	CFBP3122.fna	87.9986	1262	1558
CFBP8594.fna	CITA9.fna	87.9924	1327	1558
CFBP8594.fna	IVIA2626.fna	87.9797	1250	1558
CFBP8594.fna	MAFF301427.fna	87.8171	1161	1558
CFBP8594.fna	ATCC33913_outgroup.fna	86.4253	1321	1558
CITA44.fna	CITA44.fna	100	1548	1549
CITA44.fna	Strain17.fna	97.6625	1480	1549
CITA44.fna	CPBF1494.fna	96.767	1451	1549
CITA44.fna	CFBP8139.fna	96.7566	1452	1549
CITA44.fna	CFBP7408_type.fna	96.745	1382	1549
CITA44.fna	Corylina_strain.fna	96.7117	1411	1549
CITA44.fna	NCPPB935.fna	96.6911	1423	1549
CITA44.fna	CFBP1846.fna	96.6485	1417	1549
CITA44.fna	A7.fna	96.6324	1422	1549
CITA44.fna	Xp7.fna	96.6084	1410	1549
CITA44.fna	NCPPB416.fna	96.5982	1428	1549
CITA44.fna	Xcp1.fna	96.5941	1428	1549
CITA44.fna	CITA9.fna	96.5936	1411	1549
CITA44.fna	F1_55.fna	96.5856	1340	1549
CITA44.fna	IVIA2626.fna	96.5474	1326	1549
CITA44.fna	MAFF301427.fna	96.4988	1223	1549
CITA44.fna	CFBP2528.fna	96.3993	1408	1549
CITA44.fna	CPBF427.fna	96.3885	1435	1549
CITA44.fna	CPBF237.fna	96.3432	1423	1549
CITA44.fna	CPBF554.fna	96.3286	1439	1549
CITA44.fna	CFBP7409.fna	95.1848	1358	1549
CITA44.fna	CFBP3122.fna	94.5758	1330	1549
CITA44.fna	Strain2957.fna	93.3113	1405	1549
CITA44.fna	NL_P126.fna	92.7665	1370	1549
CITA44.fna	CFBP8594.fna	88.2221	1315	1549
CITA44.fna	PLY_4.fna	87.6862	1359	1549
CITA44.fna	ATCC33913_outgroup.fna	87.1409	1311	1549
CITA9.fna	CITA9.fna	100	1659	1661
CITA9.fna	Xp7.fna	99.9828	1610	1661
CITA9.fna	Xcp1.fna	99.9736	1652	1661
CITA9.fna	NCPPB416.fna	99.912	1650	1661
CITA9.fna	IVIA2626.fna	99.9013	1527	1661
CITA9.fna	F1_55.fna	99.8971	1542	1661
CITA9.fna	MAFF301427.fna	99.7459	1410	1661
CITA9.fna	CFBP7408_type.fna	98.727	1498	1661
CITA9.fna	NCPPB935.fna	98.6783	1552	1661
CITA9.fna	A7.fna	98.669	1543	1661
CITA9.fna	Corylina_strain.fna	98.6593	1537	1661
CITA9.fna	CFBP1846.fna	98.6414	1559	1661
CITA9.fna	CPBF554.fna	97.5314	1545	1661
CITA9.fna	CPBF427.fna	97.5047	1522	1661
CITA9.fna	CPBF237.fna	97.3419	1530	1661
CITA9.fna	CFBP2528.fna	97.3137	1506	1661
CITA9.fna	CFBP8139.fna	96.8951	1454	1661
CITA9.fna	CPBF1494.fna	96.7691	1481	1661
CITA9.fna	CITA44.fna	96.6372	1395	1661
CITA9.fna	Strain17.fna	96.4557	1448	1661
CITA9.fna	CFBP7409.fna	94.9788	1368	1661
CITA9.fna	CFBP3122.fna	94.618	1359	1661
CITA9.fna	Strain2957.fna	93.287	1397	1661
CITA9.fna	NL_P126.fna	92.6265	1370	1661
CITA9.fna	CFBP8594.fna	88.0015	1311	1661
CITA9.fna	PLY_4.fna	87.4793	1362	1661
CITA9.fna	ATCC33913_outgroup.fna	87.1377	1346	1661
Corylina_strain.fna	Corylina_strain.fna	100	1692	1693
Corylina_strain.fna	CFBP7408_type.fna	99.5649	1557	1693
Corylina_strain.fna	NCPPB935.fna	99.5598	1618	1693
Corylina_strain.fna	A7.fna	99.5358	1604	1693
Corylina_strain.fna	CFBP1846.fna	99.4879	1642	1693
Corylina_strain.fna	CITA9.fna	98.6791	1530	1693
Corylina_strain.fna	Xcp1.fna	98.6576	1561	1693
Corylina_strain.fna	NCPPB416.fna	98.6567	1571	1693
Corylina_strain.fna	Xp7.fna	98.6337	1535	1693
Corylina_strain.fna	F1_55.fna	98.629	1451	1693
Corylina_strain.fna	IVIA2626.fna	98.5425	1445	1693
Corylina_strain.fna	MAFF301427.fna	98.5123	1331	1693
Corylina_strain.fna	CPBF554.fna	98.0968	1582	1693
Corylina_strain.fna	CPBF427.fna	98.0234	1575	1693
Corylina_strain.fna	CPBF237.fna	97.7299	1562	1693
Corylina_strain.fna	CFBP2528.fna	97.7253	1548	1693
Corylina_strain.fna	CFBP8139.fna	96.8535	1479	1693
Corylina_strain.fna	CPBF1494.fna	96.8228	1490	1693
Corylina_strain.fna	CITA44.fna	96.6338	1423	1693
Corylina_strain.fna	Strain17.fna	96.4346	1473	1693
Corylina_strain.fna	CFBP7409.fna	94.969	1389	1693
Corylina_strain.fna	CFBP3122.fna	94.6493	1352	1693
Corylina_strain.fna	Strain2957.fna	93.3008	1425	1693
Corylina_strain.fna	NL_P126.fna	92.7537	1389	1693
Corylina_strain.fna	CFBP8594.fna	88.042	1352	1693
Corylina_strain.fna	PLY_4.fna	87.5771	1353	1693
Corylina_strain.fna	ATCC33913_outgroup.fna	87.2729	1353	1693
CPBF1494.fna	CPBF1494.fna	100	1662	1665
CPBF1494.fna	CFBP8139.fna	97.2983	1550	1665
CPBF1494.fna	CFBP7408_type.fna	96.8366	1484	1665
CPBF1494.fna	Corylina_strain.fna	96.836	1478	1665
CPBF1494.fna	A7.fna	96.8249	1493	1665
CPBF1494.fna	CFBP1846.fna	96.8143	1488	1665
CPBF1494.fna	CITA9.fna	96.8047	1480	1665
CPBF1494.fna	Xp7.fna	96.7915	1473	1665
CPBF1494.fna	NCPPB935.fna	96.7715	1502	1665
CPBF1494.fna	NCPPB416.fna	96.7688	1501	1665
CPBF1494.fna	Xcp1.fna	96.7604	1500	1665
CPBF1494.fna	IVIA2626.fna	96.7413	1381	1665
CPBF1494.fna	F1_55.fna	96.7256	1394	1665
CPBF1494.fna	CITA44.fna	96.7238	1460	1665
CPBF1494.fna	MAFF301427.fna	96.6473	1289	1665
CPBF1494.fna	CPBF237.fna	96.5989	1513	1665
CPBF1494.fna	CPBF427.fna	96.5949	1523	1665
CPBF1494.fna	CFBP2528.fna	96.5808	1505	1665
CPBF1494.fna	Strain17.fna	96.5723	1501	1665
CPBF1494.fna	CPBF554.fna	96.5612	1530	1665
CPBF1494.fna	CFBP7409.fna	95.0539	1387	1665
CPBF1494.fna	CFBP3122.fna	94.6384	1369	1665
CPBF1494.fna	Strain2957.fna	93.2151	1461	1665
CPBF1494.fna	NL_P126.fna	92.6674	1430	1665
CPBF1494.fna	CFBP8594.fna	87.9454	1369	1665
CPBF1494.fna	PLY_4.fna	87.5708	1381	1665
CPBF1494.fna	ATCC33913_outgroup.fna	87.1406	1351	1665
CPBF237.fna	CPBF237.fna	100	1757	1758
CPBF237.fna	CFBP2528.fna	99.416	1666	1758
CPBF237.fna	CPBF427.fna	98.268	1640	1758
CPBF237.fna	CPBF554.fna	98.2348	1643	1758
CPBF237.fna	Corylina_strain.fna	97.72	1567	1758
CPBF237.fna	CFBP1846.fna	97.7073	1591	1758
CPBF237.fna	NCPPB935.fna	97.679	1588	1758
CPBF237.fna	A7.fna	97.674	1568	1758
CPBF237.fna	CFBP7408_type.fna	97.639	1546	1758
CPBF237.fna	Xcp1.fna	97.2571	1567	1758
CPBF237.fna	Xp7.fna	97.2538	1525	1758
CPBF237.fna	CITA9.fna	97.2364	1541	1758
CPBF237.fna	F1_55.fna	97.2109	1458	1758
CPBF237.fna	NCPPB416.fna	97.2081	1562	1758
CPBF237.fna	IVIA2626.fna	97.1867	1443	1758
CPBF237.fna	MAFF301427.fna	97.1079	1343	1758
CPBF237.fna	CFBP8139.fna	96.6087	1501	1758
CPBF237.fna	CPBF1494.fna	96.5819	1514	1758
CPBF237.fna	CITA44.fna	96.2563	1436	1758
CPBF237.fna	Strain17.fna	96.1202	1466	1758
CPBF237.fna	CFBP7409.fna	94.7549	1372	1758
CPBF237.fna	CFBP3122.fna	94.5239	1377	1758
CPBF237.fna	Strain2957.fna	93.2887	1442	1758
CPBF237.fna	NL_P126.fna	92.5776	1415	1758
CPBF237.fna	CFBP8594.fna	88.0614	1330	1758
CPBF237.fna	PLY_4.fna	87.4638	1382	1758
CPBF237.fna	ATCC33913_outgroup.fna	87.0927	1359	1758
CPBF427.fna	CPBF427.fna	100	1741	1742
CPBF427.fna	CPBF554.fna	98.9213	1670	1742
CPBF427.fna	CPBF237.fna	98.2638	1642	1742
CPBF427.fna	CFBP2528.fna	98.2303	1611	1742
CPBF427.fna	CFBP1846.fna	98.0679	1612	1742
CPBF427.fna	Corylina_strain.fna	98.0362	1577	1742
CPBF427.fna	A7.fna	98.0335	1573	1742
CPBF427.fna	NCPPB935.fna	98.0223	1594	1742
CPBF427.fna	CFBP7408_type.fna	97.9607	1554	1742
CPBF427.fna	NCPPB416.fna	97.5687	1586	1742
CPBF427.fna	Xcp1.fna	97.4599	1552	1742
CPBF427.fna	CITA9.fna	97.4419	1535	1742
CPBF427.fna	F1_55.fna	97.4405	1452	1742
CPBF427.fna	Xp7.fna	97.4276	1532	1742
CPBF427.fna	MAFF301427.fna	97.3561	1336	1742
CPBF427.fna	IVIA2626.fna	97.3338	1442	1742
CPBF427.fna	CFBP8139.fna	96.5923	1501	1742
CPBF427.fna	CPBF1494.fna	96.5508	1523	1742
CPBF427.fna	CITA44.fna	96.3088	1437	1742
CPBF427.fna	Strain17.fna	96.2246	1468	1742
CPBF427.fna	CFBP7409.fna	94.7138	1390	1742
CPBF427.fna	CFBP3122.fna	94.6303	1352	1742
CPBF427.fna	Strain2957.fna	93.311	1443	1742
CPBF427.fna	NL_P126.fna	92.644	1411	1742
CPBF427.fna	CFBP8594.fna	88.0804	1306	1742
CPBF427.fna	PLY_4.fna	87.4574	1384	1742
CPBF427.fna	ATCC33913_outgroup.fna	87.1886	1340	1742
CPBF554.fna	CPBF554.fna	100	1765	1766
CPBF554.fna	CPBF427.fna	98.9048	1666	1766
CPBF554.fna	CPBF237.fna	98.3106	1636	1766
CPBF554.fna	CFBP2528.fna	98.2694	1612	1766
CPBF554.fna	A7.fna	98.0963	1586	1766
CPBF554.fna	CFBP1846.fna	98.0849	1631	1766
CPBF554.fna	Corylina_strain.fna	98.084	1593	1766
CPBF554.fna	NCPPB935.fna	98.0755	1609	1766
CPBF554.fna	CFBP7408_type.fna	98.0209	1552	1766
CPBF554.fna	NCPPB416.fna	97.5773	1594	1766
CPBF554.fna	Xcp1.fna	97.5758	1563	1766
CPBF554.fna	Xp7.fna	97.565	1535	1766
CPBF554.fna	IVIA2626.fna	97.5598	1450	1766
CPBF554.fna	CITA9.fna	97.5509	1549	1766
CPBF554.fna	F1_55.fna	97.5019	1451	1766
CPBF554.fna	MAFF301427.fna	97.4705	1342	1766
CPBF554.fna	CFBP8139.fna	96.6616	1499	1766
CPBF554.fna	CPBF1494.fna	96.559	1527	1766
CPBF554.fna	CITA44.fna	96.3186	1431	1766
CPBF554.fna	Strain17.fna	96.1518	1479	1766
CPBF554.fna	CFBP7409.fna	94.6607	1397	1766
CPBF554.fna	CFBP3122.fna	94.5663	1380	1766
CPBF554.fna	Strain2957.fna	93.2818	1463	1766
CPBF554.fna	NL_P126.fna	92.6476	1403	1766
CPBF554.fna	CFBP8594.fna	88.0833	1330	1766
CPBF554.fna	PLY_4.fna	87.4219	1381	1766
CPBF554.fna	ATCC33913_outgroup.fna	87.16	1365	1766
DSM18808_outgroup.fna	DSM18808_outgroup.fna	100	2051	2052
F1_55.fna	F1_55.fna	100	1582	1660
F1_55.fna	CITA9.fna	99.9721	1560	1660
F1_55.fna	Xp7.fna	99.9704	1559	1660
F1_55.fna	Xcp1.fna	99.9679	1576	1660
F1_55.fna	NCPPB416.fna	99.9316	1569	1660
F1_55.fna	IVIA2626.fna	99.9074	1481	1660
F1_55.fna	MAFF301427.fna	99.726	1369	1660
F1_55.fna	CFBP1846.fna	98.7092	1474	1660
F1_55.fna	CFBP7408_type.fna	98.6641	1431	1660
F1_55.fna	Corylina_strain.fna	98.6575	1460	1660
F1_55.fna	NCPPB935.fna	98.6309	1480	1660
F1_55.fna	A7.fna	98.621	1477	1660
F1_55.fna	CPBF554.fna	97.6147	1456	1660
F1_55.fna	CPBF427.fna	97.5874	1443	1660
F1_55.fna	CFBP2528.fna	97.3565	1434	1660
F1_55.fna	CPBF237.fna	97.35	1456	1660
F1_55.fna	CFBP8139.fna	96.914	1389	1660
F1_55.fna	CPBF1494.fna	96.7348	1414	1660
F1_55.fna	CITA44.fna	96.6293	1345	1660
F1_55.fna	Strain17.fna	96.3969	1388	1660
F1_55.fna	CFBP7409.fna	94.942	1302	1660
F1_55.fna	CFBP3122.fna	94.6251	1292	1660
F1_55.fna	Strain2957.fna	93.1834	1351	1660
F1_55.fna	NL_P126.fna	92.6297	1314	1660
F1_55.fna	CFBP8594.fna	88.0285	1247	1660
F1_55.fna	PLY_4.fna	87.4348	1306	1660
F1_55.fna	ATCC33913_outgroup.fna	87.1473	1298	1660
IVIA2626.fna	IVIA2626.fna	100	1559	1570
IVIA2626.fna	CITA9.fna	99.9824	1550	1570
IVIA2626.fna	Xp7.fna	99.969	1549	1570
IVIA2626.fna	Xcp1.fna	99.9595	1567	1570
IVIA2626.fna	F1_55.fna	99.9197	1475	1570
IVIA2626.fna	NCPPB416.fna	99.9062	1560	1570
IVIA2626.fna	MAFF301427.fna	99.7908	1367	1570
IVIA2626.fna	CFBP7408_type.fna	98.756	1421	1570
IVIA2626.fna	NCPPB935.fna	98.6817	1470	1570
IVIA2626.fna	CFBP1846.fna	98.6511	1473	1570
IVIA2626.fna	Corylina_strain.fna	98.6349	1454	1570
IVIA2626.fna	A7.fna	98.6285	1468	1570
IVIA2626.fna	CPBF554.fna	97.5173	1464	1570
IVIA2626.fna	CPBF427.fna	97.4649	1443	1570
IVIA2626.fna	CFBP2528.fna	97.3507	1417	1570
IVIA2626.fna	CPBF237.fna	97.2854	1453	1570
IVIA2626.fna	CFBP8139.fna	96.9419	1380	1570
IVIA2626.fna	CPBF1494.fna	96.7635	1396	1570
IVIA2626.fna	CITA44.fna	96.5618	1343	1570
IVIA2626.fna	Strain17.fna	96.4526	1372	1570
IVIA2626.fna	CFBP7409.fna	94.9472	1296	1570
IVIA2626.fna	CFBP3122.fna	94.5714	1282	1570
IVIA2626.fna	Strain2957.fna	93.23	1342	1570
IVIA2626.fna	NL_P126.fna	92.6121	1303	1570
IVIA2626.fna	CFBP8594.fna	87.8813	1264	1570
IVIA2626.fna	PLY_4.fna	87.5044	1291	1570
IVIA2626.fna	ATCC33913_outgroup.fna	87.2548	1262	1570
MAFF301427.fna	MAFF301427.fna	100	1447	1466
MAFF301427.fna	NCPPB416.fna	99.9114	1449	1466
MAFF301427.fna	Xcp1.fna	99.9013	1430	1466
MAFF301427.fna	Xp7.fna	99.878	1421	1466
MAFF301427.fna	CITA9.fna	99.8738	1424	1466
MAFF301427.fna	IVIA2626.fna	99.8685	1383	1466
MAFF301427.fna	F1_55.fna	99.7983	1369	1466
MAFF301427.fna	A7.fna	98.6278	1353	1466
MAFF301427.fna	CFBP1846.fna	98.6265	1363	1466
MAFF301427.fna	NCPPB935.fna	98.6247	1364	1466
MAFF301427.fna	CFBP7408_type.fna	98.6062	1321	1466
MAFF301427.fna	Corylina_strain.fna	98.5332	1356	1466
MAFF301427.fna	CPBF554.fna	97.5698	1354	1466
MAFF301427.fna	CPBF427.fna	97.4386	1347	1466
MAFF301427.fna	CFBP2528.fna	97.2849	1322	1466
MAFF301427.fna	CPBF237.fna	97.2384	1351	1466
MAFF301427.fna	CFBP8139.fna	96.8747	1287	1466
MAFF301427.fna	CPBF1494.fna	96.694	1304	1466
MAFF301427.fna	CITA44.fna	96.5576	1239	1466
MAFF301427.fna	Strain17.fna	96.3677	1287	1466
MAFF301427.fna	CFBP7409.fna	94.9215	1210	1466
MAFF301427.fna	CFBP3122.fna	94.4396	1216	1466
MAFF301427.fna	Strain2957.fna	93.1572	1236	1466
MAFF301427.fna	NL_P126.fna	92.5802	1218	1466
MAFF301427.fna	CFBP8594.fna	87.9615	1158	1466
MAFF301427.fna	PLY_4.fna	87.4433	1195	1466
MAFF301427.fna	ATCC33913_outgroup.fna	87.13	1186	1466
NCPPB416.fna	NCPPB416.fna	100	1766	1768
NCPPB416.fna	Xp7.fna	99.8803	1630	1768
NCPPB416.fna	Xcp1.fna	99.8767	1697	1768
NCPPB416.fna	CITA9.fna	99.8599	1653	1768
NCPPB416.fna	IVIA2626.fna	99.7928	1548	1768
NCPPB416.fna	F1_55.fna	99.7869	1559	1768
NCPPB416.fna	MAFF301427.fna	99.7341	1435	1768
NCPPB416.fna	CFBP7408_type.fna	98.658	1538	1768
NCPPB416.fna	CFBP1846.fna	98.6303	1614	1768
NCPPB416.fna	NCPPB935.fna	98.6252	1588	1768
NCPPB416.fna	Corylina_strain.fna	98.6004	1586	1768
NCPPB416.fna	A7.fna	98.5885	1595	1768
NCPPB416.fna	CPBF427.fna	97.6451	1580	1768
NCPPB416.fna	CPBF554.fna	97.6289	1578	1768
NCPPB416.fna	CFBP2528.fna	97.2925	1532	1768
NCPPB416.fna	CPBF237.fna	97.2121	1560	1768
NCPPB416.fna	CFBP8139.fna	96.8353	1487	1768
NCPPB416.fna	CPBF1494.fna	96.6569	1515	1768
NCPPB416.fna	CITA44.fna	96.5548	1422	1768
NCPPB416.fna	Strain17.fna	96.3829	1473	1768
NCPPB416.fna	CFBP7409.fna	94.9198	1383	1768
NCPPB416.fna	CFBP3122.fna	94.5481	1377	1768
NCPPB416.fna	Strain2957.fna	93.2133	1437	1768
NCPPB416.fna	NL_P126.fna	92.5569	1388	1768
NCPPB416.fna	CFBP8594.fna	88.0398	1328	1768
NCPPB416.fna	PLY_4.fna	87.4203	1387	1768
NCPPB416.fna	ATCC33913_outgroup.fna	87.2126	1360	1768
NCPPB935.fna	NCPPB935.fna	100	1741	1742
NCPPB935.fna	A7.fna	99.6983	1617	1742
NCPPB935.fna	CFBP1846.fna	99.6647	1645	1742
NCPPB935.fna	CFBP7408_type.fna	99.526	1583	1742
NCPPB935.fna	Corylina_strain.fna	99.4841	1630	1742
NCPPB935.fna	NCPPB416.fna	98.7534	1581	1742
NCPPB935.fna	Xcp1.fna	98.7133	1572	1742
NCPPB935.fna	CITA9.fna	98.6839	1552	1742
NCPPB935.fna	Xp7.fna	98.678	1551	1742
NCPPB935.fna	IVIA2626.fna	98.6382	1454	1742
NCPPB935.fna	F1_55.fna	98.6258	1465	1742
NCPPB935.fna	MAFF301427.fna	98.5225	1357	1742
NCPPB935.fna	CPBF554.fna	98.0792	1608	1742
NCPPB935.fna	CPBF427.fna	98.0339	1592	1742
NCPPB935.fna	CPBF237.fna	97.7286	1585	1742
NCPPB935.fna	CFBP2528.fna	97.6834	1563	1742
NCPPB935.fna	CFBP8139.fna	96.8036	1499	1742
NCPPB935.fna	CPBF1494.fna	96.7148	1512	1742
NCPPB935.fna	CITA44.fna	96.617	1421	1742
NCPPB935.fna	Strain17.fna	96.4034	1470	1742
NCPPB935.fna	CFBP7409.fna	94.9421	1389	1742
NCPPB935.fna	CFBP3122.fna	94.6098	1351	1742
NCPPB935.fna	Strain2957.fna	93.1276	1434	1742
NCPPB935.fna	NL_P126.fna	92.6496	1397	1742
NCPPB935.fna	CFBP8594.fna	88.0809	1333	1742
NCPPB935.fna	PLY_4.fna	87.5808	1368	1742
NCPPB935.fna	ATCC33913_outgroup.fna	87.1398	1352	1742
NL_P126.fna	NL_P126.fna	100	1571	1572
NL_P126.fna	Strain2957.fna	94.3922	1407	1572
NL_P126.fna	CFBP3122.fna	92.7536	1312	1572
NL_P126.fna	CITA44.fna	92.7531	1359	1572
NL_P126.fna	A7.fna	92.7246	1373	1572
NL_P126.fna	CPBF1494.fna	92.7245	1405	1572
NL_P126.fna	Corylina_strain.fna	92.7168	1377	1572
NL_P126.fna	NCPPB416.fna	92.7077	1393	1572
NL_P126.fna	CFBP8139.fna	92.7016	1406	1572
NL_P126.fna	CFBP2528.fna	92.6995	1377	1572
NL_P126.fna	Xp7.fna	92.6973	1370	1572
NL_P126.fna	NCPPB935.fna	92.6865	1380	1572
NL_P126.fna	CFBP1846.fna	92.6839	1386	1572
NL_P126.fna	F1_55.fna	92.6639	1299	1572
NL_P126.fna	CPBF554.fna	92.6546	1409	1572
NL_P126.fna	CITA9.fna	92.6447	1374	1572
NL_P126.fna	IVIA2626.fna	92.6406	1286	1572
NL_P126.fna	CFBP7408_type.fna	92.6348	1362	1572
NL_P126.fna	Xcp1.fna	92.6283	1398	1572
NL_P126.fna	CPBF237.fna	92.6262	1401	1572
NL_P126.fna	CPBF427.fna	92.6139	1411	1572
NL_P126.fna	Strain17.fna	92.5743	1398	1572
NL_P126.fna	MAFF301427.fna	92.5076	1212	1572
NL_P126.fna	CFBP7409.fna	92.3864	1347	1572
NL_P126.fna	CFBP8594.fna	88.2188	1320	1572
NL_P126.fna	PLY_4.fna	87.5546	1317	1572
NL_P126.fna	ATCC33913_outgroup.fna	87.004	1332	1572
PLY_4.fna	PLY_4.fna	100	1748	1749
PLY_4.fna	CFBP8594.fna	87.9812	1372	1749
PLY_4.fna	CITA44.fna	87.5611	1364	1749
PLY_4.fna	Strain17.fna	87.5188	1392	1749
PLY_4.fna	CPBF1494.fna	87.5186	1398	1749
PLY_4.fna	Xcp1.fna	87.5067	1368	1749
PLY_4.fna	F1_55.fna	87.4905	1294	1749
PLY_4.fna	CFBP7409.fna	87.4862	1319	1749
PLY_4.fna	Xp7.fna	87.4861	1363	1749
PLY_4.fna	CFBP3122.fna	87.4861	1306	1749
PLY_4.fna	NCPPB416.fna	87.452	1383	1749
PLY_4.fna	CITA9.fna	87.4479	1356	1749
PLY_4.fna	IVIA2626.fna	87.4444	1274	1749
PLY_4.fna	CFBP8139.fna	87.4332	1391	1749
PLY_4.fna	CPBF554.fna	87.42	1381	1749
PLY_4.fna	CFBP1846.fna	87.4081	1390	1749
PLY_4.fna	MAFF301427.fna	87.4034	1187	1749
PLY_4.fna	CFBP7408_type.fna	87.3999	1348	1749
PLY_4.fna	CPBF427.fna	87.3975	1388	1749
PLY_4.fna	CFBP2528.fna	87.3738	1371	1749
PLY_4.fna	Corylina_strain.fna	87.3656	1385	1749
PLY_4.fna	A7.fna	87.3588	1396	1749
PLY_4.fna	NCPPB935.fna	87.3585	1396	1749
PLY_4.fna	CPBF237.fna	87.3584	1393	1749
PLY_4.fna	NL_P126.fna	87.3472	1373	1749
PLY_4.fna	Strain2957.fna	87.2732	1367	1749
PLY_4.fna	ATCC33913_outgroup.fna	86.0609	1355	1749
Strain17.fna	Strain17.fna	100	1748	1751
Strain17.fna	CITA44.fna	97.6097	1475	1751
Strain17.fna	CFBP8139.fna	96.6412	1485	1751
Strain17.fna	CPBF1494.fna	96.567	1496	1751
Strain17.fna	Xp7.fna	96.5277	1443	1751
Strain17.fna	CITA9.fna	96.5016	1454	1751
Strain17.fna	Xcp1.fna	96.4859	1478	1751
Strain17.fna	Corylina_strain.fna	96.464	1462	1751
Strain17.fna	CFBP7408_type.fna	96.4456	1437	1751
Strain17.fna	NCPPB935.fna	96.4409	1463	1751
Strain17.fna	IVIA2626.fna	96.4176	1364	1751
Strain17.fna	CFBP1846.fna	96.4095	1462	1751
Strain17.fna	F1_55.fna	96.3992	1386	1751
Strain17.fna	MAFF301427.fna	96.396	1273	1751
Strain17.fna	NCPPB416.fna	96.3899	1485	1751
Strain17.fna	A7.fna	96.3427	1474	1751
Strain17.fna	CFBP2528.fna	96.195	1448	1751
Strain17.fna	CPBF427.fna	96.1897	1477	1751
Strain17.fna	CPBF237.fna	96.1731	1462	1751
Strain17.fna	CPBF554.fna	96.1312	1487	1751
Strain17.fna	CFBP7409.fna	95.0782	1378	1751
Strain17.fna	CFBP3122.fna	94.5704	1355	1751
Strain17.fna	Strain2957.fna	93.1497	1441	1751
Strain17.fna	NL_P126.fna	92.6693	1390	1751
Strain17.fna	CFBP8594.fna	88.0719	1343	1751
Strain17.fna	PLY_4.fna	87.5152	1385	1751
Strain17.fna	ATCC33913_outgroup.fna	87.2122	1326	1751
Strain2957.fna	Strain2957.fna	100	1653	1653
Strain2957.fna	NL_P126.fna	94.3165	1422	1653
Strain2957.fna	CPBF237.fna	93.3319	1440	1653
Strain2957.fna	CPBF554.fna	93.3231	1458	1653
Strain2957.fna	CFBP3122.fna	93.3229	1353	1653
Strain2957.fna	CFBP2528.fna	93.3152	1426	1653
Strain2957.fna	CPBF1494.fna	93.3141	1452	1653
Strain2957.fna	CPBF427.fna	93.3136	1445	1653
Strain2957.fna	CFBP8139.fna	93.3016	1430	1653
Strain2957.fna	Corylina_strain.fna	93.2705	1432	1653
Strain2957.fna	CITA44.fna	93.2665	1383	1653
Strain2957.fna	Xp7.fna	93.2566	1408	1653
Strain2957.fna	NCPPB935.fna	93.2103	1424	1653
Strain2957.fna	CFBP7408_type.fna	93.2103	1409	1653
Strain2957.fna	F1_55.fna	93.2053	1339	1653
Strain2957.fna	CFBP1846.fna	93.2004	1423	1653
Strain2957.fna	Xcp1.fna	93.1942	1424	1653
Strain2957.fna	CITA9.fna	93.1901	1413	1653
Strain2957.fna	NCPPB416.fna	93.1757	1440	1653
Strain2957.fna	IVIA2626.fna	93.1738	1318	1653
Strain2957.fna	A7.fna	93.1531	1434	1653
Strain2957.fna	Strain17.fna	93.1461	1433	1653
Strain2957.fna	MAFF301427.fna	93.0598	1234	1653
Strain2957.fna	CFBP7409.fna	92.5867	1355	1653
Strain2957.fna	CFBP8594.fna	88.1905	1336	1653
Strain2957.fna	PLY_4.fna	87.363	1357	1653
Strain2957.fna	ATCC33913_outgroup.fna	87.0935	1324	1653
Xcp1.fna	Xcp1.fna	100	1709	1717
Xcp1.fna	CITA9.fna	99.9352	1647	1717
Xcp1.fna	Xp7.fna	99.9285	1642	1717
Xcp1.fna	NCPPB416.fna	99.9016	1695	1717
Xcp1.fna	F1_55.fna	99.8789	1566	1717
Xcp1.fna	IVIA2626.fna	99.8757	1555	1717
Xcp1.fna	MAFF301427.fna	99.7299	1423	1717
Xcp1.fna	CFBP7408_type.fna	98.689	1527	1717
Xcp1.fna	Corylina_strain.fna	98.6813	1560	1717
Xcp1.fna	NCPPB935.fna	98.6798	1574	1717
Xcp1.fna	CFBP1846.fna	98.676	1579	1717
Xcp1.fna	A7.fna	98.6759	1565	1717
Xcp1.fna	CPBF554.fna	97.5686	1565	1717
Xcp1.fna	CPBF427.fna	97.5421	1545	1717
Xcp1.fna	CFBP2528.fna	97.3347	1524	1717
Xcp1.fna	CPBF237.fna	97.2897	1560	1717
Xcp1.fna	CFBP8139.fna	96.8506	1484	1717
Xcp1.fna	CPBF1494.fna	96.7334	1502	1717
Xcp1.fna	CITA44.fna	96.5056	1433	1717
Xcp1.fna	Strain17.fna	96.455	1473	1717
Xcp1.fna	CFBP7409.fna	94.9261	1388	1717
Xcp1.fna	CFBP3122.fna	94.6629	1362	1717
Xcp1.fna	Strain2957.fna	93.2227	1438	1717
Xcp1.fna	NL_P126.fna	92.5952	1398	1717
Xcp1.fna	CFBP8594.fna	88.0999	1323	1717
Xcp1.fna	PLY_4.fna	87.4955	1371	1717
Xcp1.fna	ATCC33913_outgroup.fna	87.1286	1368	1717
Xp7.fna	Xp7.fna	100	1639	1645
Xp7.fna	CITA9.fna	99.9857	1631	1645
Xp7.fna	Xcp1.fna	99.973	1644	1645
Xp7.fna	NCPPB416.fna	99.9209	1634	1645
Xp7.fna	F1_55.fna	99.9027	1534	1645
Xp7.fna	IVIA2626.fna	99.8877	1533	1645
Xp7.fna	MAFF301427.fna	99.7659	1403	1645
Xp7.fna	CFBP7408_type.fna	98.778	1496	1645
Xp7.fna	NCPPB935.fna	98.7232	1544	1645
Xp7.fna	Corylina_strain.fna	98.7172	1528	1645
Xp7.fna	A7.fna	98.6731	1547	1645
Xp7.fna	CFBP1846.fna	98.6668	1559	1645
Xp7.fna	CPBF554.fna	97.5185	1545	1645
Xp7.fna	CPBF427.fna	97.5104	1522	1645
Xp7.fna	CFBP2528.fna	97.3616	1495	1645
Xp7.fna	CPBF237.fna	97.3373	1534	1645
Xp7.fna	CFBP8139.fna	96.9039	1463	1645
Xp7.fna	CPBF1494.fna	96.8026	1479	1645
Xp7.fna	CITA44.fna	96.6066	1407	1645
Xp7.fna	Strain17.fna	96.486	1445	1645
Xp7.fna	CFBP7409.fna	94.9643	1357	1645
Xp7.fna	CFBP3122.fna	94.6503	1351	1645
Xp7.fna	Strain2957.fna	93.2811	1409	1645
Xp7.fna	NL_P126.fna	92.6011	1376	1645
Xp7.fna	CFBP8594.fna	87.9867	1312	1645
Xp7.fna	PLY_4.fna	87.4239	1356	1645
Xp7.fna	ATCC33913_outgroup.fna	87.1514	1348	1645
